<metadata xml:lang="en"><Esri><CreaDate>20150528</CreaDate><CreaTime>21200700</CreaTime><ArcGISFormat>1.0</ArcGISFormat><SyncOnce>TRUE</SyncOnce><ModDate>20160809</ModDate><ModTime>16170100</ModTime><scaleRange><minScale>150000000</minScale><maxScale>5000</maxScale></scaleRange><ArcGISProfile>ItemDescription</ArcGISProfile></Esri><tool name="InstallBindings" displayname="Install R bindings" toolboxalias="rintegration" xmlns=""><arcToolboxHelpPath>c:\program files (x86)\arcgis\desktop10.4\Help\gp</arcToolboxHelpPath><parameters><param name="overwrite" displayname="Overwrite Existing Installation?" type="Required" direction="Input" datatype="Boolean" expression="overwrite"><dialogReference>&lt;DIV STYLE="text-align:Left;"&gt;&lt;DIV&gt;&lt;DIV&gt;&lt;P&gt;&lt;SPAN&gt;If checked, will overwrite the ArcGIS R bridge, if it's installed. Otherwise has no effect.&lt;/SPAN&gt;&lt;/P&gt;&lt;/DIV&gt;&lt;/DIV&gt;&lt;/DIV&gt;</dialogReference></param><param name="r_version" displayname="Selected R Version (Set As Default)" type="Required" direction="Input" datatype="String" expression="r_version"><dialogReference>&lt;DIV STYLE="text-align:Left;"&gt;&lt;DIV&gt;&lt;P&gt;&lt;SPAN&gt;ArcGIS choses the R installation based on what R has stored as the "current verison" within the registry, this field by default shows the selected version. On machines where a version has not been selected, allows the user to select between different installed versions of R, and register one as the correct default R installation.&lt;/SPAN&gt;&lt;/P&gt;&lt;/DIV&gt;&lt;/DIV&gt;</dialogReference></param></parameters></tool><dataIdInfo><idCitation><resTitle>Install R bindings</resTitle></idCitation><searchKeys><keyword>R install</keyword></searchKeys></dataIdInfo><distInfo><distributor><distorFormat><formatName>ArcToolbox Tool</formatName></distorFormat></distributor></distInfo><mdHrLv><ScopeCd value="005"/></mdHrLv></metadata>
